index,Title,Age,Country,Genre,Logo,Link 
1, Правило Коми, 2020-..., США, Драмы, https://rezka.ag/i/2020/8/25/xf32793dff767rk90a44p.png, https://rezka.ag/series/drama/35439-pravilo-komi-2020.html 
2, Розмари и Тайм, 2003-2006, Великобритания, Драмы, https://rezka.ag/i/2020/9/29/y121f15ecfd8chq21h19l.png, https://rezka.ag/series/drama/35836-rozmari-i-taym-2003.html 
3, Гвен Джонс — ученица Мерлина, 2002, Австралия, Фэнтези, https://rezka.ag/i/2020/9/29/t5a0e0e670a90ai33s61d.png, https://rezka.ag/series/fantasy/35835-gven-dzhons-uchenica-merlina-2002.html 
4, Карлсон вернулся, 1970, СССР, Комедии, https://rezka.ag/i/2020/9/29/n35ec34a96496tm41d78b.png, https://rezka.ag/cartoons/comedy/35834-karlson-vernulsya-1970.html 
5, Доктор Вера, 2020, Украина, Мелодрамы, https://rezka.ag/i/2020/9/29/r305bb2d9743bvp35r72b.png, https://rezka.ag/series/melodrama/35833-doktor-vera-2020.html 
6, Миссия, 1999, Гонконг, Боевики, https://rezka.ag/i/2020/9/29/u4c7a38710bb9bn52l35c.png, https://rezka.ag/films/action/35832-missiya-1999.html 
7, Бегство Логана, 1977-1978, США, Фантастика, https://rezka.ag/i/2020/9/29/y0d81fc59a2b6sc59t36q.png, https://rezka.ag/series/fiction/35831-begstvo-logana-1977.html 
8, Джордж Карлин: Что я делаю в Нью-Джерси?, 1988, США, Юмористические, https://rezka.ag/i/2020/9/29/pfaf448a32d29rc35g18e.png, https://rezka.ag/show/humor/35830-dzhordzh-karlin-chto-ya-delayu-v-nyu-dzhersi-1988.html 
9, Август, 1996, Великобритания, Драмы, https://rezka.ag/i/2020/9/29/b998f8693b955dh15z36m.png, https://rezka.ag/films/drama/35829-avgust-1996.html 
10, Вживую: Джордж Карлин в Фениксе, 1978, США, Юмористические, https://rezka.ag/i/2020/9/29/w09494844b493pu48e47b.png, https://rezka.ag/show/humor/35828-vzhivuyu-dzhordzh-karlin-v-fenikse-1978.html 
11, Заря, 1988, Великобритания, Драмы, https://rezka.ag/i/2020/9/28/a347d601bc5ffqb36w63p.jpg, https://rezka.ag/films/drama/35827-zarya-1988.html 
12, Карлин в Карнеги-холле, 1982, США, Юмористические, https://rezka.ag/i/2020/9/28/nbb71a724b630sy51d45b.png, https://rezka.ag/show/humor/35825-karlin-v-karnegi-holle-1982.html 
13, Флот МакХейла присоединяется к Военно-воздушным силам, 1965, США, Комедии, https://rezka.ag/i/2020/9/28/fa2cc4a60fa6cis70f22e.png, https://rezka.ag/films/comedy/35824-flot-makheyla-prisoedinyaetsya-k-voenno-vozdushnym-silam-1965.html 
14, Джордж Карлин: Карлин в Кампусе, 1984, США, Юмористические, https://rezka.ag/i/2020/9/28/ka218896efddfut52u75e.png, https://rezka.ag/show/humor/35822-dzhordzh-karlin-karlin-v-kampuse-1984.html 
15, Ты только мой, 2020, Украина, Мелодрамы, https://rezka.ag/i/2020/9/28/s760030faed86zu53m43d.png, https://rezka.ag/series/melodrama/35821-ty-tolko-moy-2020.html 
16, Вживую: Джордж Карлин в УЮК, 1977, США, Юмористические, https://rezka.ag/i/2020/9/28/b59fcfbbbcb78qt58d26g.png, https://rezka.ag/show/humor/35820-vzhivuyu-dzhordzh-karlin-v-uyuk-1977.html 
17, Консольные войны, 2020, США, Документальные, https://rezka.ag/i/2020/9/19/d637be470feadyq83m29j.png, https://rezka.ag/films/documentary/35732-konsolnye-voyny-2020.html 
18, Спутники, 2015, Россия, Драмы, https://rezka.ag/i/2020/9/28/l93babd3c9f6agm99z71r.png, https://rezka.ag/series/drama/35818-sputniki-2015.html 
19, Глубокое синее море 3, 2020, США, Ужасы, https://rezka.ag/i/2020/9/24/i7f2efed551b0oa94o16v.png, https://rezka.ag/films/horror/35784-glubokoe-sinee-more-3-2020.html 
20, Сникерхеды, 2020, США, Комедии, https://rezka.ag/i/2020/9/15/ubc4ef3bb14c4ue48e77j.png, https://rezka.ag/series/comedy/35704-snikerhedy-2020.html 
21, Вот как я тебя люблю, 2020-..., Канада, Комедии, https://rezka.ag/i/2020/9/27/ke4ccff35208aaz61m55y.png, https://rezka.ag/series/comedy/35811-vot-kak-ya-tebya-lyublyu-2020.html 
22, Смотри как я, 2020, Россия, Комедии, https://rezka.ag/i/2020/7/14/r12297906dbd8hn40c59k.png, https://rezka.ag/films/comedy/35057-smotri-kak-ya-2020.html 
23, Шифр 2, 2020, Россия, Драмы, https://rezka.ag/i/2020/9/24/qc2902ac72f87gt13k57t.png, https://rezka.ag/series/drama/35786-shifr-2-2020.html 
24, Свои 3, 2020, Россия, Детективы, https://rezka.ag/i/2020/9/8/u7a217fdd03b4gf71g78w.png, https://rezka.ag/series/detective/35620-svoi-3-2020.html 
25, Сибил, 1976, США, Драмы, https://rezka.ag/i/2020/9/27/p9191a8796ee6gi61l74k.png, https://rezka.ag/films/drama/35810-sibil-1976.html 
26, Керель, 1982, Германия(ФРГ), Драмы, https://rezka.ag/i/2020/9/27/mdfcdecee0b5csx85w29v.png, https://rezka.ag/films/drama/35809-kerel-1982.html 
27, Заговор против Гитлера, 1990, Югославия, Драмы, https://rezka.ag/i/2020/9/27/e705afa1c1ea0oh33m65k.png, https://rezka.ag/films/drama/35808-zagovor-protiv-gitlera-1990.html 
28, Старшеклассницы, 2006, Япония, Комедии, https://rezka.ag/i/2020/9/27/ebc948dce24c4sf10c23f.png, https://rezka.ag/animation/comedy/35807-starsheklassnicy-2006.html 
29, Горбун из Нотр-Дама, 1982, Великобритания, Драмы, https://rezka.ag/i/2020/9/27/m99a60ebeb1f7nw86v84m.png, https://rezka.ag/films/drama/35805-gorbun-iz-notr-dama-1982.html 
30, Германия 89, 2020, Германия, Драмы, https://rezka.ag/i/2020/9/12/z9e6d79d70c2fxn67l88o.png, https://rezka.ag/series/drama/35664-germaniya-89-2020.html 
31, Муссолини и я, 1985, Италия, Драмы, https://rezka.ag/i/2020/9/26/z1442768add18qi78y67u.png, https://rezka.ag/series/drama/35804-mussolini-i-ya-1985.html 
32, Кукольный дом, 1973, Великобритания, Драмы, https://rezka.ag/i/2020/9/26/ff9cd4875c530mc80o19f.png, https://rezka.ag/films/drama/35803-kukolnyy-dom-1973.html 
33, Короткие встречи, 1967, СССР, Драмы, https://rezka.ag/i/2020/9/26/a2404c013128efp78i59l.png, https://rezka.ag/films/drama/35802-korotkie-vstrechi-1967.html 
34, Старые дела, 2006, Россия, Криминал, https://rezka.ag/i/2020/9/26/ja3c94506b3bfuh39a19l.png, https://rezka.ag/series/crime/35801-starye-dela-2006.html 
35, Просто представь, что мы знаем, 2020, Россия, Драмы, https://rezka.ag/i/2020/9/4/bb317d66f4a2dhc80h96p.png, https://rezka.ag/series/drama/35553-prosto-predstav-chto-my-znaem-2020.html 
36, Флот МакХэйла, 1964, США, Комедии, https://rezka.ag/i/2020/9/26/k96121290662bum92f90u.png, https://rezka.ag/films/comedy/35800-flot-makheyla-1964.html 
